{"cameraMode":{"drawMode":0,"name":"Shaded","section":"Shading Mode"},"sceneLighting":false,"audioPlay":false,"sceneViewState":{"showFog":true,"showMaterialUpdate":true,"showSkybox":true,"showFlares":true,"showImageEffects":true,"showParticleSystems":true},"in2DMode":false,"pivot":{"x":411.1318359375,"y":405.259765625,"z":510.138671875},"rotation":{"x":0.24949462711811067,"y":0.20241041481494904,"z":-0.05341113731265068,"w":0.945478618144989},"size":20.56142807006836,"orthographic":true}