{"cameraMode":{"drawMode":0,"name":"Shaded","section":"Shading Mode"},"sceneLighting":true,"audioPlay":false,"sceneViewState":{"showFog":true,"showMaterialUpdate":true,"showSkybox":true,"showFlares":true,"showImageEffects":true,"showParticleSystems":true},"in2DMode":false,"pivot":{"x":426.78082275390627,"y":401.8345642089844,"z":517.814208984375},"rotation":{"x":0.28746458888053896,"y":0.6475864052772522,"z":-0.2891939580440521,"w":0.6437103152275086},"size":169.8589630126953,"orthographic":true}