{"cameraMode":{"drawMode":0,"name":"Shaded","section":"Shading Mode"},"sceneLighting":true,"audioPlay":false,"sceneViewState":{"showFog":true,"showMaterialUpdate":true,"showSkybox":true,"showFlares":true,"showImageEffects":true,"showParticleSystems":true},"in2DMode":false,"pivot":{"x":373.8043518066406,"y":408.2998046875,"z":486.1885681152344},"rotation":{"x":-0.42859554290771487,"y":-0.26285332441329958,"z":0.1318696141242981,"w":-0.8542975783348084},"size":5.523871421813965,"orthographic":false}