{"cameraMode":{"drawMode":0,"name":"Shaded","section":"Shading Mode"},"sceneLighting":false,"audioPlay":false,"sceneViewState":{"showFog":true,"showMaterialUpdate":true,"showSkybox":true,"showFlares":true,"showImageEffects":true,"showParticleSystems":true},"in2DMode":false,"pivot":{"x":0.0,"y":0.6555089950561523,"z":-0.029009222984313966},"rotation":{"x":0.28746458888053896,"y":0.6475864052772522,"z":-0.2891939580440521,"w":0.6437103152275086},"size":6.0855512619018559,"orthographic":true}