{"cameraMode":{"drawMode":0,"name":"Shaded","section":"Shading Mode"},"sceneLighting":false,"audioPlay":false,"sceneViewState":{"showFog":true,"showMaterialUpdate":true,"showSkybox":true,"showFlares":true,"showImageEffects":true,"showParticleSystems":true},"in2DMode":false,"pivot":{"x":0.16572809219360352,"y":0.3304263949394226,"z":-0.00210002064704895},"rotation":{"x":0.28746458888053896,"y":0.6475864052772522,"z":-0.2891939580440521,"w":0.6437103152275086},"size":2.17382550239563,"orthographic":true}