{"cameraMode":{"drawMode":0,"name":"Shaded","section":"Shading Mode"},"sceneLighting":false,"audioPlay":false,"sceneViewState":{"showFog":true,"showMaterialUpdate":true,"showSkybox":true,"showFlares":true,"showImageEffects":true,"showParticleSystems":true},"in2DMode":false,"pivot":{"x":411.1318359375,"y":405.259765625,"z":510.138671875},"rotation":{"x":0.1845303773880005,"y":0.13894453644752503,"z":-0.026360562071204187,"w":0.972598671913147},"size":14.539223670959473,"orthographic":true}