{"cameraMode":{"drawMode":0,"name":"Shaded","section":"Shading Mode"},"sceneLighting":true,"audioPlay":false,"sceneViewState":{"showFog":true,"showMaterialUpdate":true,"showSkybox":true,"showFlares":true,"showImageEffects":true,"showParticleSystems":true},"in2DMode":false,"pivot":{"x":437.1999816894531,"y":401.70001220703127,"z":485.20001220703127},"rotation":{"x":0.28746458888053896,"y":0.6475864052772522,"z":-0.2891939580440521,"w":0.6437103152275086},"size":57.83290100097656,"orthographic":true}